symbol,timeframe,open_time_utc,close_time_utc,open_time_et,close_time_et,trading_day,open,high,low,close,volume,range,one_third,level_1,level_2_middle,level_3_high_average
NVDA,15M,2026-10-09T17:30:00+00:00,2026-10-09T17:45:00+00:00,2026-10-09T13:30:00-04:00,2026-10-09T13:45:00-04:00,2026-10-09,229.94000244140625,229.9499969482422,229.4499969482422,229.5,52124864,0.5,0.16666666666666666,229.61666361490884,229.7833302815755,229.94999694824216
NVDA,15M,2026-10-09T17:45:00+00:00,2026-10-09T18:00:00+00:00,2026-10-09T13:45:00-04:00,2026-10-09T14:00:00-04:00,2026-10-09,229.49000549316406,229.66000366210938,229.4199981689453,229.5,1185465,0.2400054931640625,0.0800018310546875,229.5,229.5800018310547,229.66000366210938
NVDA,15M,2026-10-09T18:00:00+00:00,2026-10-09T18:15:00+00:00,2026-10-09T14:00:00-04:00,2026-10-09T14:15:00-04:00,2026-10-09,229.5050048828125,229.7100067138672,229.32000732421875,229.625,1178149,0.3899993896484375,0.12999979654947916,229.45000712076822,229.5800069173177,229.71000671386716
NVDA,15M,2026-10-09T18:15:00+00:00,2026-10-09T18:30:00+00:00,2026-10-09T14:15:00-04:00,2026-10-09T14:30:00-04:00,2026-10-09,229.625,229.85049438476562,229.58999633789062,229.7382049560547,1733841,0.260498046875,0.08683268229166667,229.67682902018228,229.76366170247394,229.8504943847656
NVDA,15M,2026-10-09T18:30:00+00:00,2026-10-09T18:45:00+00:00,2026-10-09T14:30:00-04:00,2026-10-09T14:45:00-04:00,2026-10-09,229.74000549316406,229.7899932861328,229.30999755859375,229.44500732421875,1453964,0.4799957275390625,0.15999857584635416,229.4699961344401,229.62999471028644,229.78999328613278
NVDA,15M,2026-10-09T18:45:00+00:00,2026-10-09T19:00:00+00:00,2026-10-09T14:45:00-04:00,2026-10-09T15:00:00-04:00,2026-10-09,229.44000244140625,229.91000366210938,229.3800048828125,229.71499633789062,1832377,0.529998779296875,0.176666259765625,229.55667114257812,229.73333740234375,229.91000366210938
NVDA,15M,2026-10-09T19:00:00+00:00,2026-10-09T19:15:00+00:00,2026-10-09T15:00:00-04:00,2026-10-09T15:15:00-04:00,2026-10-09,229.72000122070312,229.82000732421875,229.6199951171875,229.80999755859375,1348704,0.20001220703125,0.06667073567708333,229.6866658528646,229.75333658854169,229.82000732421878
NVDA,15M,2026-10-09T19:15:00+00:00,2026-10-09T19:30:00+00:00,2026-10-09T15:15:00-04:00,2026-10-09T15:30:00-04:00,2026-10-09,229.7899932861328,230.03990173339844,229.75999450683594,229.75999450683594,4573821,0.2799072265625,0.09330240885416667,229.8532969156901,229.94659932454425,230.0399017333984
NVDA,15M,2026-10-09T19:30:00+00:00,2026-10-09T19:45:00+00:00,2026-10-09T15:30:00-04:00,2026-10-09T15:45:00-04:00,2026-10-09,229.75,229.9499969482422,229.4499969482422,229.64500427246094,1702613,0.5,0.16666666666666666,229.61666361490884,229.7833302815755,229.94999694824216
NVDA,15M,2026-10-09T19:45:00+00:00,2026-10-09T20:00:00+00:00,2026-10-09T15:45:00-04:00,2026-10-09T16:00:00-04:00,2026-10-09,229.64999389648438,229.77000427246094,229.24000549316406,229.33999633789062,4833713,0.529998779296875,0.176666259765625,229.4166717529297,229.5933380126953,229.77000427246094
NVDA,1H,2026-10-08T17:30:00+00:00,2026-10-08T18:30:00+00:00,2026-10-08T13:30:00-04:00,2026-10-08T14:30:00-04:00,2026-10-08,230.39500427246094,231.60000610351562,229.91000366210938,231.38999938964844,13838373,1.69000244140625,0.5633341471354166,230.47333780924478,231.0366719563802,231.6000061035156
NVDA,1H,2026-10-08T18:30:00+00:00,2026-10-08T19:30:00+00:00,2026-10-08T14:30:00-04:00,2026-10-08T15:30:00-04:00,2026-10-08,231.38999938964844,231.38999938964844,229.94000244140625,230.49000549316406,11473734,1.4499969482421875,0.4833323160807292,230.42333475748697,230.9066670735677,231.3899993896484
NVDA,1H,2026-10-08T19:30:00+00:00,2026-10-08T20:30:00+00:00,2026-10-08T15:30:00-04:00,2026-10-08T16:30:00-04:00,2026-10-08,230.48500061035156,231.00999450683594,230.2100067138672,230.57000732421875,10541642,0.79998779296875,0.26666259765625,230.47666931152344,230.7433319091797,231.00999450683594
NVDA,1H,2026-10-09T13:30:00+00:00,2026-10-09T14:30:00+00:00,2026-10-09T09:30:00-04:00,2026-10-09T10:30:00-04:00,2026-10-09,233.875,233.88999938964844,230.42999267578125,230.69000244140625,61522741,3.4600067138671875,1.1533355712890625,231.5833282470703,232.73666381835938,233.88999938964844
NVDA,1H,2026-10-09T14:30:00+00:00,2026-10-09T15:30:00+00:00,2026-10-09T10:30:00-04:00,2026-10-09T11:30:00-04:00,2026-10-09,230.69000244140625,231.65989685058594,229.80999755859375,229.80999755859375,98603269,1.8498992919921875,0.6166330973307291,230.42663065592447,231.0432637532552,231.6598968505859
NVDA,1H,2026-10-09T15:30:00+00:00,2026-10-09T16:30:00+00:00,2026-10-09T11:30:00-04:00,2026-10-09T12:30:00-04:00,2026-10-09,230.0,230.19000244140625,229.11000061035156,229.46499633789062,194277454,1.0800018310546875,0.3600006103515625,229.47000122070312,229.8300018310547,230.19000244140625
NVDA,1H,2026-10-09T16:30:00+00:00,2026-10-09T17:30:00+00:00,2026-10-09T12:30:00-04:00,2026-10-09T13:30:00-04:00,2026-10-09,229.49000549316406,230.0449981689453,229.13270568847656,229.9499969482422,6660374,0.91229248046875,0.3040974934895833,229.43680318196616,229.74090067545575,230.04499816894534
NVDA,1H,2026-10-09T17:30:00+00:00,2026-10-09T18:30:00+00:00,2026-10-09T13:30:00-04:00,2026-10-09T14:30:00-04:00,2026-10-09,229.94000244140625,229.9499969482422,229.32000732421875,229.7382049560547,56222319,0.6299896240234375,0.20999654134114584,229.5300038655599,229.74000040690106,229.94999694824222
NVDA,1H,2026-10-09T18:30:00+00:00,2026-10-09T19:30:00+00:00,2026-10-09T14:30:00-04:00,2026-10-09T15:30:00-04:00,2026-10-09,229.74000549316406,230.03990173339844,229.30999755859375,229.75999450683594,9208866,0.7299041748046875,0.2433013916015625,229.5532989501953,229.79660034179688,230.03990173339844
NVDA,1H,2026-10-09T19:30:00+00:00,2026-10-09T20:30:00+00:00,2026-10-09T15:30:00-04:00,2026-10-09T16:30:00-04:00,2026-10-09,229.75,229.9499969482422,229.24000549316406,229.33999633789062,6536326,0.709991455078125,0.236663818359375,229.47666931152344,229.7133331298828,229.9499969482422
NVDA,30M,2026-10-09T15:00:00+00:00,2026-10-09T15:30:00+00:00,2026-10-09T11:00:00-04:00,2026-10-09T11:30:00-04:00,2026-10-09,231.3300018310547,231.36000061035156,229.80999755859375,229.80999755859375,68319946,1.5500030517578125,0.5166676839192709,230.32666524251303,230.8433329264323,231.3600006103516
NVDA,30M,2026-10-09T15:30:00+00:00,2026-10-09T16:00:00+00:00,2026-10-09T11:30:00-04:00,2026-10-09T12:00:00-04:00,2026-10-09,230.0,230.19000244140625,229.25,229.27499389648438,109483318,0.94000244140625,0.3133341471354167,229.5633341471354,229.87666829427081,230.19000244140622
NVDA,30M,2026-10-09T16:00:00+00:00,2026-10-09T16:30:00+00:00,2026-10-09T12:00:00-04:00,2026-10-09T12:30:00-04:00,2026-10-09,229.27000427246094,230.02499389648438,229.11000061035156,229.46499633789062,84794136,0.9149932861328125,0.3049977620442708,229.41499837239584,229.71999613444012,230.0249938964844
NVDA,30M,2026-10-09T16:30:00+00:00,2026-10-09T17:00:00+00:00,2026-10-09T12:30:00-04:00,2026-10-09T13:00:00-04:00,2026-10-09,229.49000549316406,229.84219360351562,229.13270568847656,229.2949981689453,3700009,0.7094879150390625,0.2364959716796875,229.36920166015625,229.60569763183594,229.84219360351562
NVDA,30M,2026-10-09T17:00:00+00:00,2026-10-09T17:30:00+00:00,2026-10-09T13:00:00-04:00,2026-10-09T13:30:00-04:00,2026-10-09,229.2949981689453,230.0449981689453,229.27000427246094,229.9499969482422,2960365,0.774993896484375,0.258331298828125,229.52833557128906,229.7866668701172,230.0449981689453
NVDA,30M,2026-10-09T17:30:00+00:00,2026-10-09T18:00:00+00:00,2026-10-09T13:30:00-04:00,2026-10-09T14:00:00-04:00,2026-10-09,229.94000244140625,229.9499969482422,229.4199981689453,229.5,53310329,0.529998779296875,0.176666259765625,229.59666442871094,229.77333068847656,229.9499969482422
NVDA,30M,2026-10-09T18:00:00+00:00,2026-10-09T18:30:00+00:00,2026-10-09T14:00:00-04:00,2026-10-09T14:30:00-04:00,2026-10-09,229.5050048828125,229.85049438476562,229.32000732421875,229.7382049560547,2911990,0.530487060546875,0.17682902018229166,229.49683634440103,229.67366536458331,229.8504943847656
NVDA,30M,2026-10-09T18:30:00+00:00,2026-10-09T19:00:00+00:00,2026-10-09T14:30:00-04:00,2026-10-09T15:00:00-04:00,2026-10-09,229.74000549316406,229.91000366210938,229.30999755859375,229.71499633789062,3286341,0.600006103515625,0.20000203450520834,229.50999959309897,229.71000162760419,229.9100036621094
NVDA,30M,2026-10-09T19:00:00+00:00,2026-10-09T19:30:00+00:00,2026-10-09T15:00:00-04:00,2026-10-09T15:30:00-04:00,2026-10-09,229.72000122070312,230.03990173339844,229.6199951171875,229.75999450683594,5922525,0.4199066162109375,0.1399688720703125,229.7599639892578,229.89993286132812,230.03990173339844
NVDA,30M,2026-10-09T19:30:00+00:00,2026-10-09T20:00:00+00:00,2026-10-09T15:30:00-04:00,2026-10-09T16:00:00-04:00,2026-10-09,229.75,229.9499969482422,229.24000549316406,229.33999633789062,6536326,0.709991455078125,0.236663818359375,229.47666931152344,229.7133331298828,229.9499969482422
NVDA,4H,2026-10-05T13:30:00+00:00,2026-10-05T17:30:00+00:00,2026-10-05T09:30:00-04:00,2026-10-05T13:30:00-04:00,2026-10-05,236.05999755859375,237.85989379882812,235.14999389648438,237.42999267578125,56594618,2.70989990234375,0.9032999674479166,236.05329386393228,236.9565938313802,237.8598937988281
NVDA,4H,2026-10-05T17:30:00+00:00,2026-10-05T20:00:00+00:00,2026-10-05T13:30:00-04:00,2026-10-05T16:00:00-04:00,2026-10-05,237.44000244140625,240.09829711914062,237.3800048828125,239.11000061035156,44652047,2.718292236328125,0.906097412109375,238.28610229492188,239.19219970703125,240.09829711914062
NVDA,4H,2026-10-06T13:30:00+00:00,2026-10-06T17:30:00+00:00,2026-10-06T09:30:00-04:00,2026-10-06T13:30:00-04:00,2026-10-06,242.0800018310547,243.3699951171875,239.60000610351562,239.9550018310547,59749519,3.769989013671875,1.2566630045572917,240.8566691080729,242.1133321126302,243.36999511718747
NVDA,4H,2026-10-06T17:30:00+00:00,2026-10-06T20:00:00+00:00,2026-10-06T13:30:00-04:00,2026-10-06T16:00:00-04:00,2026-10-06,239.9499969482422,240.6199951171875,238.92999267578125,239.1699981689453,22061459,1.69000244140625,0.5633341471354166,239.49332682291666,240.05666097005206,240.61999511718747
NVDA,4H,2026-10-07T13:30:00+00:00,2026-10-07T17:30:00+00:00,2026-10-07T09:30:00-04:00,2026-10-07T13:30:00-04:00,2026-10-07,237.6750030517578,239.0800018310547,236.63999938964844,237.2198944091797,45487391,2.44000244140625,0.8133341471354166,237.45333353678384,238.26666768391925,239.08000183105466
NVDA,4H,2026-10-07T17:30:00+00:00,2026-10-07T20:00:00+00:00,2026-10-07T13:30:00-04:00,2026-10-07T16:00:00-04:00,2026-10-07,237.22000122070312,238.10000610351562,236.3800048828125,237.36000061035156,21730979,1.720001220703125,0.573333740234375,236.95333862304688,237.52667236328125,238.10000610351562
NVDA,4H,2026-10-08T13:30:00+00:00,2026-10-08T17:30:00+00:00,2026-10-08T09:30:00-04:00,2026-10-08T13:30:00-04:00,2026-10-08,234.92999267578125,237.07000732421875,229.85000610351562,230.3800048828125,61365443,7.220001220703125,2.4066670735677085,232.25667317708334,234.66334025065106,237.07000732421878
NVDA,4H,2026-10-08T17:30:00+00:00,2026-10-08T20:00:00+00:00,2026-10-08T13:30:00-04:00,2026-10-08T16:00:00-04:00,2026-10-08,230.39500427246094,231.60000610351562,229.91000366210938,230.57000732421875,35853749,1.69000244140625,0.5633341471354166,230.47333780924478,231.0366719563802,231.6000061035156
NVDA,4H,2026-10-09T13:30:00+00:00,2026-10-09T17:30:00+00:00,2026-10-09T09:30:00-04:00,2026-10-09T13:30:00-04:00,2026-10-09,233.875,233.88999938964844,229.11000061035156,229.9499969482422,361063838,4.779998779296875,1.5933329264322917,230.70333353678384,232.29666646321613,233.8899993896484
NVDA,4H,2026-10-09T17:30:00+00:00,2026-10-09T20:00:00+00:00,2026-10-09T13:30:00-04:00,2026-10-09T16:00:00-04:00,2026-10-09,229.94000244140625,230.03990173339844,229.24000549316406,229.33999633789062,71967511,0.799896240234375,0.266632080078125,229.5066375732422,229.7732696533203,230.03990173339844
